company_name,ceo
sortor group,Jessica Wright
recit group,Charles Lee
"cadco architects - engineers, inc.",Robert Sims
lotus hospitality,Kendra Moore
byrd design build company,Stacy Hill
mw partners,Cassandra Green
maryland mortgage bankers and brokers association inc. (mmbba),Jessica Smith
nobletech solutions inc.,Victoria Nunez
thomas liverpool & company,Elizabeth Cruz
austin architecture plus,Brian Jenkins
ishir digital,Brian Chavez
taskin media,Catherine Zavala
"bullet rental & sales, inc.",Allison Carpenter
lexington podiatry,Ryan Salas
moredii llc,Daniel Park Jr.
crane chevrolet,Robert Allison
"sorbilite, inc.",Lori Short
465-media.com,Paige Norris
bayat rayan chartered accountants,Jill Wilson
"blevco, llc",Elizabeth Miller
"knf neuberger, inc",Brooke Adams
"recruiting industry specific experts, llc",Jennifer Cox
association of women surgeons,Ryan Martin
enter,Erik Church
hyfto,Marie Ward
sps electric,Sylvia Gutierrez
tallan,Stephen Ellis
webbed feet design,Michael Lam
vertical mass,Austin Raymond
"higher ed change, llc",Jessica Rice
breslin murphy & roberts elder law,Lisa Fuller
purity products,John Fields
cybernet llc ny,Angela Bass
edwards law - atlanta,Aaron Williams
over the top cake supplies,Kristin Rowland
the ceo launch,Tammy Wilcox
donya's florals,Dana Bond
"strutz, inc.",Eric Wright
"fortese management, llc",Gina Johnston
bay nursing inc,James Martin
trusted insight,Mark Thompson
"flexsim software products, inc.",Sydney Oliver
butterfly communications,Whitney Thompson
raven legal group llc,Matthew Robinson
"uncommon leadership, llc",Victoria Miller
"precisecheck, llc",Monica Bruce
task dropoff,Jordan Roberts Jr.
randolph electronics,Dennis Decker
st. thomas aquinas high school,Susan Evans
the booking ace,Austin Wong
"the refrigeration school, inc.",Kristin Curry
"bb&w architects, llc",Jennifer Morris
v-tech services,Raymond Ballard
atlanta regional airport - falcon field,Rachel Love
moriarty's roofing,Brian Moore
junk patrol - junk removal and hauling,Megan Kennedy
"sign age, inc",Dana Buckley
boson hub digital development llc,Kenneth Larson
monique lhuillier,Angela Nicholson
gateway bank,Jason Brennan
"puppy love pet stylist, llc",Sean Garrett
wyn experiences,Timothy Lamb
vivify counseling and wellness,Emily Alexander
tradecraft,Paul Taylor
nexus content,Caitlin Rogers
"arwood waste, inc.",Zachary Rivera
chicago pneumatic compressors,Kyle Raymond
defynance,Douglas Lambert
"pacific aero tech, llc",Jared Gutierrez
flex force enterprises,Ellen Gates
the next practice,Colin Benson
pioneer consulting,Robert Nichols
"kristin fowler, such a time as this travel",Melissa Roy
american babbitt bearing,Justin Barnett
partnership for the public good,Trevor Hale
"tas insurance group, inc.",George Ortiz
pingpad,William Richardson
marketplace platform,Vanessa Rodriguez
critical staffing,Allen Mcdonald
main street financial group (msfg),Bruce Gallegos
"weinberg & schwartz, llc",Johnathan Meza
rig grip incorporated,Alicia Freeman
mama watson's kitchen,Bonnie Bowers
"pevarnik bros., inc.",Javier Meyer
"patriot chemicals and services, llc",Derek Waters
ambushed salon,Jared Byrd
phoenix group,Caitlin Gutierrez
landings travel,Ariel Mueller
community day charter public schools,Robert Pearson
global brain health institute (gbhi),Ashley Vargas
wynn productions llc,Corey Kennedy
otto-js,Keith May
"streams of mercy counseling, llc -dana boyland, lcsw",Alex Williams
wolverine advanced materials,Michael Marks
comrades,Stephanie Huffman
stl pest control - div of rji enterprises inc.,Anthony Mack
c&d masonry and construction,Christopher Jackson
hurricane dorian relief fund,Emma Brown
"grayline, inc.",Laura Mack
total care computer consulting,Michael Gregory MD
aeternum design studio,Susan Carr
codonics,David Hart Jr.
the focus group pc,Katie Johnson
zaboss concepts,Stephanie Stuart
"carolina services, inc.",Gina Davis
titan electric,Kevin Johnson Jr.
coffee innovations,Tony Monroe
oak park village apartments,Robert Hill
karpinski engineering,Robert Hutchinson
the mp group,Steven Chambers
northwestern design,Cody Riley
sterling holdings incorporated,Katherine Martinez
"crosslake group, llc",Andrew Martinez
wayfind marketing,David Wise
haven idaho,Ronnie Bonilla
axtella,John Heath
oscar heyman,David Mcdonald
linked n chicago (linc) - the chicago project llc,John Garcia
ams_hvac,David Mcbride
beyond interior design,Edward Dixon
rebow system,Mrs. Andrea Hill
mt freight inc,Arthur Estes
burglish,James Barker
"savant healthcare solutions, inc.",Karina Ward
atelier synthia saint james,Andrew Miller
quick it solutions,Danielle Duncan
the law offices of jeffrey harris,Diane Taylor
jva engineering contractor inc,Timothy Norton
we met through thalia,Joel Robinson
big girlz inc,Elizabeth Hoffman
"medical staffing partners, inc",Ethan Gibson
transport oakland,Ana Brady
rightfootshoes.com,Harry Graham
mcs trucking inc.,Jennifer Morgan
amxtek llc,Jennifer Ortiz
the jade standard,Ricardo Watson
field training associates,Sherri Morris
blackbirch capital,Mackenzie Silva
price biostock,Eric Wright
artistic happiness,Rachel Hall
feigen law group,Rebecca Owens
secure networks,Joseph Sandoval
patco industries,Michael Meadows PhD
"hospitality sales & marketing, llc",Mary Brown
banu studio,Travis Palmer
wilderness canoe trips,Richard Fleming
oswald supply,Michael Davis
"elite glazing group, inc.",Danielle Buckley
get lit - words ignite,Cynthia Smith
homeless advocacy for all (ha4all),Robert Peterson
metamaven,James Schroeder
city-gates rolling steel doors and custom iron works,Alfred Beck
blue coffee logistics llc,Gail Mcintyre
memorymd,William Thompson
"rock road companies, inc.",Maria Davis
"your cbd store™ - catalina, az",Daniel Wilson
the source at red bank regional high school,April Snow
the strickland firm,Ernest Clark
"core quantum technologies, inc.",Amy Solomon
b & p lamp supply inc,Caleb Jones Jr.
trc,Robert Cox
coachima,Randy Hernandez
workshop,Kaitlyn Hardy
attentus technologies,Susan Phillips MD
"nicole williams, author",Stacy Kramer
ishii brewing co.,Walter Collins
turnkey services,Vincent Bernard
"satori, llc",Antonio Aguilar
lotus lounge,Brian Lopez
icgm llc,Patrick Bradford
gold shell management,Jessica Cochran
event cooling solutions,Sarah Riley
escon group,Natasha Calderon
nevada arts council,Michael Alvarez
"abg engineering, inc.",Meghan Francis
arch studio inc,Luis Yates
hagesher group,Roger Odom
potomac whitewater racing center,William Wong
fresh thyme soup co.,Anthony Allen
tinker oyster company,Gina Miller
richardson brown pllc,William Dillon
edusports inc,Laurie Gallagher
pre-collegiate global health review,James Lane
trucare dentistry roswell,Paul Hall
peartree homes,Theresa Elliott
"panorama landscaping, llc",Heather Smith
"bagly, inc.",Elizabeth Briggs
joseph j. albanese,Scott Hansen
"rapid fire equipment, inc.",Jose Oconnor
devship,Traci Mcguire
marketingcounsel.net,Kelly Williams
tungsten construction,Thomas Cline
generic network systems,Kyle Ward
30 flash productions,Michael Chung
road to therapy,Austin Jenkins
p and n development ventures llc,Leroy Brewer
spreadkarma,Adrian Thomas
spread l.l.c.,Kristen Davis
socialmedia.org,Nathan Gillespie
mark richey woodworking,Cynthia Hawkins
buck oil and gas,Patrick Sanders
"ron bush consulting, inc.",Christine Price
"i.e. insurance, llc",Tonya Fields
core,Sarah Miller
doublesharp,Colleen Grant
health informatics,Rachel Morgan
"mr. matrimony, llc",Daniel Powell
"infotech solutions, llc",Samuel Martinez
work shift,Austin Navarro
consolidated community management,Misty Walker
kshurst services,Teresa Rodriguez
pink iguana services,Christian Carter
array partners,Angel Jenkins
"commonwealth construction co., inc.",Christopher Miller
"town of canton, ma",Stephanie Williams
medgluv inc,Austin Perez
nexus council,Christopher Foster
bariatric food coach,Christopher Miller
opa design studio,Jessica Yang
"docvue, inc.",Connie Roberts
palmetto hospitality solutions,Richard Hernandez
"kappa alpha theta, epsilon upsilon chapter",Jasmine Parker
francis capital management llc,Susan Lynch
campus answers (an everfi company),David Turner
sword international inc.,Isaac James
revived exteriors inc,Alice Vazquez
elite personnel,Nancy Solomon
circulogene,Carol Williams
exit beach realty - ormond beach real estate,Jessica Smith
teva diamonds,Joseph Robinson
holdrite,Joyce Carrillo
tidewater photobooth co.,Kelly Mejia
carolina storage centers,April Allen
national electrical benefit fund,Gregory Craig
l&l systems inc,Lori Thompson
wirefreesoft web solutions,William Robinson
pathware inc.,Sara Crosby
"translation exchange, inc",Rebekah Sandoval
"grngrp, llc",Jeffrey Duncan
bonefrog coffee company,Laura Alexander
flight restaurant group,William Adams
traders printing & design,Marcus Gonzalez
city of naperville,Sara Rojas
added sales,Shelly Walker
block harbor cybersecurity,Victor Johnson
"beacon enterprises, llc",Lauren Torres
physician bank,Carrie Velazquez
tcsp - it services company,Hector Williams
american river speech,Jamie Miller
"northpoint financial search, llc",Melanie Smith
mindful editor,Sharon Hudson
"performance composites inc., an employee owned company",Ronald Solomon
cogburn health svc,Candace Cobb
cartwheel art,Brittney Anderson
"peters construction, inc.",Jillian Rice
mid america motorworks,Kevin Hughes
"psychpros, inc.",Daniel Obrien
"jen walker, llc",Perry Baker
upgrade printing,Stacy Peck
the city technology group,Robert Schmidt
bigshot studio,David Simpson
"pearce worldwide logistics, inc.",Kayla White
sbh guild,Anthony Nixon
efficiency inc.,Jose Smith
"cetec engineering services, inc.",Brian Massey
pappas capital,Harry Schneider
pacrim wines & spirits,Ruth Harrison
the source house,Paul Jensen
motto films,John Moore
ctnet (statewide clinical trials network of texas),Kerri Wiggins
falcon investments,Jordan Clark
navita residences,Brenda Chambers
"strategic cfos, inc.",Christine Berger
ohio sleep medicine institute,Melissa Ferrell
metacraft inc.,Joanna Bowman
ocotillo restaurant & bar,Michael Ortega
disaster services,Angela Rodriguez
"w-graphics digital services, inc.",Miguel Kerr
colibri active,Ashley Anderson
grassroots musical distributor,Brady Alexander
loci architecture pc,Derek Ramirez
apm help,Stanley Brown
canterbury enterprises,Julie Swanson
rick's auto body,Emily Phillips
"hospice of the calumet area, inc.",Michael Moore
government professional,David Rose
"achilles shield, inc.",Donna Contreras
bay area beauty association,Jason Miller
appointments today,Robert Ward
center for the advancement of women at mount saint mary's university,Mr. Nicholas Walker MD
gps capital llc,Ms. Elizabeth Blanchard
new flooring horizons llc,Charles Bean
north star network/north star productions,Bobby Briggs
debt free after all,Brooke Garcia
the menagerie hospitality group,Joseph Nguyen
"hendron tree care, inc.",Justin White
elevation consulting group ltd.,Amanda Sutton
fiori restaurant htx,Rebecca Bird
hawkins-graves inc.,David Smith
"hawksoft, inc.",Zachary Sutton
experiential marketing group,Jacqueline Boyer
blue rooster marketing,Isaiah Gutierrez
subatomic digital,Michael Ford
"res consulting nyc, inc.",Spencer Edwards
top gun freight,Michele Morgan MD
heidi ho organics,Jason Flynn
"michael g. czerwinski, p.a.",Paul Castro
premier floors - premier home services,David Rodriguez
sweetgum properties,Alexander Wright
mid america solutions llc,Brandon Garrett
"yona systems group, inc.",Melissa Adams
"nationwide ime, llc",Vanessa Hinton
censeo valuation consultants llc,Kathryn Perez
louisville pride foundation,Joshua Olson
the children's institute of fashion arts (the cifa),Melissa Ross
csi corporate security and investigations,Jacqueline Silva
"custom analytics consulting, llc",James Gutierrez
cordero studios,Cynthia Thomas
golden angels investors,James Meyer
bright castle llc,Jeremy Hopkins
doug auld fine art,Cynthia Harris
"takanock, inc.",Tina Perez
plant power & control systems,Samantha Green
city of elizabeth,Jennifer Campbell
root & roam integrated marketing agency,Anna Lopez
westgate management co inc,Natalie Stevens
soundsgood,Gary Rollins
luce prospect group,Darrell Steele
"espire services, l.l.c.",Joseph Walker
bowman digital media,Amy Jones
lynn financial services,Stephanie Hudson
the besser law firm,Bryce Valencia
phonetree,Colleen Phillips
"minneola place, a homebridge community alf",Dr. James Ruiz
ahg inc,Jason Adams
sagebrook investors,William Norton
new leader manufacturing,Katherine Vasquez
full circle music,Micheal Jones
vsrl design,Sheryl Clark
"ladies first, inc.",Aaron Jennings
from planning to living llc,Benjamin Cordova
all visuals design group inc.,Alexandria Simpson
redrock reports,Angela Green
"commerce cpa, llc",Christine Anderson
the global women's institute (gwi),Deanna Lucas
lapiz design,Kathryn Charles
modtranz inc,Danny Ryan
nonprofit live week,Kristin Burton
home 303,Michael Thompson
gamepath,Theodore Brooks
say media,Shannon Freeman
"vra imperial limousine, inc",Shirley Bates
oconto unified school district,Karen Ortega MD
pacificap construction,Vincent Huynh
the bed room park city,Melissa Tran
advanced energy management alliance,Kyle Rogers
"five star contractors, inc.",Aaron Nichols
"cuomo, winters & schmidt, cpas, pllc",Madison Lewis
maxwell funeral home,Melody Barnes
the sheffield group,Michelle Cruz
el rancho inc,Roger Rodriguez
hab inc,Angela Cain
peak solutions,Steven Smith
city of paterson,Steven Warren
illustrative mathematics,Danielle Jones
hypeauditor,Jerry Fletcher
simple iteas,Alexander Morales
taylor financial group,Jeffrey Sutton
appleinsider,Vanessa Whitaker
texchange dfw,Shannon Murphy
st. george academy,Elizabeth Graves
smarteys,Hector Ramsey
curtis a newman science foundation inc,Andrea Evans
maennche,Theresa Hernandez
"steven adair macdonald & partners, p.c.",William Campbell
veterans care network,Brittany Collins
catapower inc.,Natalie Clarke
jan-pro cleaning systems- savannah,Patricia Alvarez
good ga.me,Veronica Haas
dahon group,Dr. Martin Price
"boehle chemicals, inc.",Kenneth Jones MD
onetex exports llc,Sydney Webb
finos,Jon Johnson
rm design studio,April Price
worldclasshunting,Stephanie Frye
content & graphics,Donald Barnes
wilson martino dental,Alexander Landry
sequoia mind health pc,Stacy Crawford
my code free website,Vincent Rodriguez
finding solace counseling llc,Kelli Thomas
orna security services,Mrs. Amanda Baker
sunrain varieties,Patrick Weaver
black roses landscaping,Tristan Bryant
cny signature properties,Russell Jacobs
prevent human trafficking (pht),Christopher Young PhD
university of san francisco sacramento campus,Kyle Peterson
southern view chapel,Melanie Perez
city of whitehall,Dr. Chloe Robinson
firewalk studios,Scott Grimes
avalon glass limited,Andrea Meyers
prudent lenders,Victoria Long
trevis berry transportation,Kevin Santiago
bip capital,Craig Peterson
mending kids,Shelby Small
htbiz law,Summer Moreno
sarah j morris dds & associates,Mark Thomas
noble transcription services,Jacqueline Smith
ninja pig studios,Jennifer Jones
law office of dell a. richard,Jonathon Chung
legend food service,Sandra Dudley
staffing logistics™,Renee Miller
traveltoafairytale.com,Bruce Cohen
fan health network,Joanne Cisneros
aim educate,Deanna Arroyo
ambor structures,Dawn Schmidt
global 7 diagnostics,Sean Wall
coulee medical center,Chad Nelson
"bandwave systems llc, an inc. 5000 company",Michelle Trevino
island,Donna Calhoun
"meb resources, llc",Connie Hoffman
pex german oe parts,Maria Leach
"cakeartbyjodi,llc",Kimberly Walker
orlando resorts rental at vista cay,Sarah Cook
big solutions group,Bruce Marshall
"enhanced communications, inc.",Kathy Pruitt
embroideryfits.com,Deborah Mann
consulat inc,Alison Church
engineering graduate student council - penn state,Anthony Snyder
mcdougal law,Teresa Vargas
lily springs farm,Deborah Collins
webprpro,Larry Garrison
"strategic business coach, inc.",Tanya Silva
golden crust bakeries inc.,Eric Lee
activemode io,Kimberly Ross
america first credit union,Grace Diaz
district studio inc.,Zachary Cole
odegaard financial,Sean Shaw
new dawn collective,Diana Davis
elite certified contractors,Joshua Johns
"menuclub, inc.",Haley Nelson
culture red (consultancy),Jonathan Hall
gronk fitness products,Dean Long
loudoun physical therapy,Miranda Wagner
"peerless, inc.",Jessica Johnson
"bh capital, ltd",Gloria Reed
burgoyne ministries international,Miguel Harris
datatel communications inc,Joseph Yates
public guardian services,Paul King
"optsy, llc",Renee Mccoy
"summit view water, ltd.",Matthew Martinez
red couch interiors,Leonard Berg
cmc consultants,John Scott
one way out - lynchburg escape room,Gloria Elliott
vorzeigen medical,Lisa Manning
j&w group,Ashley Mclean
texas a&m graduate consulting club (tamugc),Lisa Vargas
the reflector,Christina Davis
freedom wealth management,Jose Mcdonald
caseconsults,Mr. Andrew Owens
mental health association of orange county,Joe Brown
lead hiring llc,Robert Thompson
true textiles,Amanda Wilcox
hayes communications inc,Blake Ruiz
colorado security company,Jessica Edwards MD
jolly jumps,Kristina Strong
fuzion agency,Emily Branch
"servitek electric, inc",Sharon Martin
take one card game,Allison Cabrera
"1890 ranch, ltd.",Christopher Willis
trekk,Robin Thomas
cross roads marketing,Tammy Gill
bloguettes,Thomas Werner
"progra 2000, inc. d.b.a patternusa",Phyllis Sanchez
parker well testing,Michael Diaz
life choices rowan,Alexander Pierce
sound products inc.,Danielle Escobar
"epoxy healthcare, llc",Renee Flynn
maxelle mortgage,Karen Kim
3x3 bookkeeping,Anna Morrison
exotic sports cars,Dennis Watson
arvi vr,Samantha Hickman
vasona networks,John Tran
ltr capital partners llc,Stephen Santiago
"altman consulting and technology, inc.",Seth Walsh
nova media inc.,Erica Nichols
almonte studio llc,Derrick Edwards
60 west bistro & martini bar,Kevin Woods
broker leads,David Blankenship
gameday detroit,Michael Hawkins
easy communication & technology,Lisa Gomez
histolines,Dana Greer
"center for coastal studies (provincetown, ma)",Charles Williams
marshall & co. property management,Susan Bailey
politadvice consulting,Mary Perez
ecornell,Karen Smith
tape swap radio,Jared Rivas
courtney keller collection,Joanna Rodriguez
handy service company,Anne Henderson
"new moon counseling and wellness, llc",Kimberly Anderson
casa bu,Heather Garcia
los angeles regional criminal information clearinghouse,Katie James
clear advantage consulting,Amy Bishop
baker tubulars,Christy Romero
"all pest solutions, inc.",Tanya Campbell
majesty foods,Angela Levy
erin love law,Benjamin Johnson
the belmont group,Sheena Graves
rufflegirl inc.,Erin Marquez
starmed america,Vanessa Shaw
fg clean wipes,Tiffany Parks
"c & c janitorial, llc",Jeanette Mendoza
beth israel deaconess care organization,Melanie Padilla
bravo zulu network,Jo May
"pro resume center, llc",John Ford
"ironwood commercial real estate, llc",Michael Mills
one source commercial,Thomas Underwood
s&j precision inc.,Jonathan Blair
wisconsin scholastic chess federation,Jamie Ward
whitney lenox coaching,Heather Ford
"m-pact, inc.",Casey Armstrong
convierte web,Rodney Diaz
nova vita foundation,Edward Cole
605 | an ispot company,Paul Wilkerson
final analysis property inspections,Renee Benjamin
chic parisien,Isaac Garcia
lgbtseniorhousingandcare,Thomas Johnson
bioprocess supplies llc,Todd Garcia
lamac consulting,Vincent Schwartz
"quilling, selander, lownds, winslett & moser, p.c.",Jeffery Taylor
superdeluxe,George Lewis
saabana realty group inc.,Lee Schneider
"neighborhood nerd of central florida, llc",Karen Roberts
suzka studios,Lisa Barrera
2tall animation studio,Lindsay Thomas
picus enterprises llc,Maxwell Rivera MD
coworkers llc,Troy Garner
"grape solar, inc.",James Forbes
alarmingly affordable,Cynthia Hinton
"marigold works, llc",Tracie Moran
powderkeg,Denise Sherman DDS
copywrite,Theodore Morrow
nrv marketing,David Dixon
plyler construction,Frank Arnold
oregon growers analytical,April Curtis
strategies 4 leadership,Andrea Lewis
hub compensation systems,Sheila Drake
entertainment@amphenol,Savannah Carroll
media panache,Zoe Cox
monastery hill bindery,Monica Glover
"benchmark group, inc.",Troy Lopez
executive aircraft interiors,Emily Harper
innovative sensor technology ist usa division,Ryan Alvarado
dani dorman real estate team powered by keller williams,Dawn Conley
7442 analytics,Ashley Cunningham
weston volvo cars,Victor Smith
rewind by rodney wallace,Sarah Montes
hashtag global,Kimberly Williams
alabama real estate commission,Jonathan Baldwin MD
wexenergy llc,Justin Cooper
mcafee's remodeling llc,Raymond Peterson
compliance consulting corporation,Angela Miles
"forth technologies, inc.",Kristina Delacruz
new green llc,Douglas Flores
ruby bond,Angela Lawrence
rowdy transport,Timothy Wyatt
the miller group va,Melvin Davis
cassidy and company real estate,Dawn Pope
3rd rail [arts collective],Lori White
basnight & sons inc.,Brandon Fletcher
1 point system llc,John Johns
dr. pierce's favorite prescription,Brian Lewis
championship technology llc,Amy Mcbride
"distribaire, inc.",Nancy Wright
"fhwv partners, llp",Jessica Valdez
traffic theory,Jennifer Roberts
"fringe and lace, llc",Russell Stephenson
spectrum lasers inc,Michael Johnson
adams plumbing,Kirk Jarvis
the library collective,Jaclyn Mills
"premikati, inc.",Carlos Olson
socialproofteam,Christopher Allen
one preschool,David Salinas
visible hands,Heidi Roberts
ukraine orphan outreach,Diana Carter
caringo,Christopher Dixon
gs realty team at keller williams,Taylor Taylor
trynd travel of all things trynd,Ashley Phillips
microbiome healthy choice,Victor Henderson
"ingram and associates, llc",William Taylor
lone mountain wagyu,Tricia Johnson
jra website design,Lindsay Flores
sitebumpers.com,Linda Thompson
advent design corp.,Erica Williams
cercher,Kristi Ramirez
hifi clinic,Holly Anderson
"dan schantz farm & greenhouses, llc",Kristine Harris
tekwood sl,Christopher Hines
graybull distributing,Barry Zimmerman
production support services,Diana Mayo
hiredwith.us,David Banks
insulators union,Rebecca Ortiz
"dehumidifier corporation of america, inc.",Chelsey Mahoney
new normal,Zachary Bailey
matrix home care,Nathan Nelson
lje law firm,Deborah Thomas
reqs business solutions,Clayton Duran
hodgson cpa,Charles Becker
top mast cafe,Brett Young
cache,Andrew Davis
ransome revision,Mathew Levine
atelier86,Maria Rivers
facts management company,Casey Robbins
manlove engineering,Sara Baker
kozie creations,Kimberly Bowers
verisafejobs llc,Charles Hernandez
ivumed,Joseph Mckee
family first solar,Maurice Sparks
capital region theological center,Erin Peck
coastal pediatric associates,Michelle Horton
laughing cat films | louis ekrem studios,Corey Braun
"antiquestone, inc./dba: stoneart",Tracy Love
fall consulting services,Jeffrey Barton
"century therapeutics, inc",Arthur Perry
"effort realty, inc.",Stephen Harris
palo alto humane,Victoria Smith
tylin promotions,Morgan Woods
nordean law,Diana Rojas
pangeam inc.,Samantha Carter
barbershop fresh,Carlos Rocha
op3,Anthony Branch
my vacation nanny,Jacqueline Jones
enswell speed & fab,Tonya Stevenson
"agape community healthcare, pc",Michelle Chapman
"wilson's auto repair & sales, inc.",Louis Soto
morning design studio,Angela Brooks
morfin construction inc,Bryan Duffy
electric elephant digital marketing,Richard Bell
"phase 2 solutions, llc",Lisa Larsen
sold out media,Paul Hickman
pattern points,Jeremy Dennis
"bakesale, chocolate chip cookie liqueur",Madison Kane
scmteam llc.,Wendy Erickson
i n f o l a b s,Eric Wilson
n8 investments,Dr. Amy Sweeney
spruce int,John Ray
"oscilla power, inc.",Cheryl Lopez
containers in motion,Micheal Gallegos
"generator lab, inc.",Melissa Hill
pentastar aviation,Marcus Thompson
perimetek pest management corp,Joshua Schneider
the burn machine,Bryan Brown
the pittsburgh oratory & ryan catholic newman center,Gregg Horton
sac city tech,David Bryan
"samaki systems, inc.",David Spencer
halbert wealth management,Chad Meyer
ucimco,Jennifer Stevenson
queen city lighting and grip,Nicolas Jones
tech 2025,Suzanne Warner
rolar studios,Danielle Warren
elitech systems,Alan Williams
"beast, inc.",Juan Oneal
fifth judicial circuit of florida,Brian Lee
cea insight,Sarah Spencer
ito group inc,Raymond Shelton
soar ny,Juan Williams
exalution,James Terry
solano family & childrens services,David Tran MD
american chiropractic association,Megan Brown
ragohspeaksllc,April Hall
us licensing,Courtney Gordon
releaf alternative,Joshua Smith
bloomsbury designs,David Cortez
wasatch product development,David Turner
"parrish law, pllc",Michael Alvarez
bowers consulting,Jordan Garcia
pharr technologies company,Brandi Jenkins
middle peninsula - northern neck community services board,Kimberly Moyer
mustang express ltd,Juan Montoya
virtual church ministries inc,Bernard James
polymer resources ltd.,David Barry
great mortgage,Austin Reid
pitch edison financial,Ian Harris
professional wireless communications,David Gonzalez
penn garritano,Jessica Calderon
moneysaver mag,Brian Acevedo
dalnet services inc,Steve Jenkins
maxavenue,Lindsay Jacobs
sazerac company,Gabrielle Wilson
o. a. construction,Patricia Mooney
refrigerated express,Emma Carr
the connected project,David Smith
the resume architect llc,Lori Day
buy sell christian,Jacqueline Leach
gadfly,Sean Hurley
archetyped by raum,Michael Hughes
mayoka services llc,Pamela Dunn
"c. martin law, p.a.",Marisa Romero
butler capital advisors,Edward Robinson
"engineered solutions heating & air conditioning, llc",Kathleen Rodriguez
styloot.com,Diane Tucker
presence management consulting,Thomas Lawson
dream river films,Alex Beasley
"usher law firm, p.a.",Jamie Santos
cmc triggers corp,Brandon Goodman
tec materials testing,Carol Walsh
trademark (brand),Bryan Bennett
takobar san diego,Kenneth Perry
complete environmental solutions,Michael Harrison
mcauliffe's valley nursery,Diana Allen
fine homes & estates century 21 nathan grace,Gregory Stevens
rocketcyber,Annette Sweeney
icertifi,Ronald Miller
ebiquity north america,Stephanie Ellis
"jpa international, inc.",Richard Jensen
"stephen r. figlin & associates, inc.",Kelly Davila
clerestory construction consulting,Eric Ayers
cubist media group,Steven Ramos
dynisco,Amanda Wright
cyiq a.i,Casey Martin
certapro painters of fairfield ct,Anthony Yang
tactical operations command llc,Kristine Wilson
southern export services inc,Michael Smith
feasibility research group,Robert Callahan
"logic swing, inc",Christine Hill
simple sustainable swap,Evan Moore
50 coffees,Emily Leach
bexley realty group,Susan Smith
physician renaissance network,Karen Hernandez
"futurevu brands, inc",Jason Schultz
sme marketing & company,Ray Rodriguez
herbert it consulting,Elizabeth Duncan
nuivio ventures inc.,Brenda Griffin
optimization prime,David Hernandez
watersound insurance,Mr. Jay Allen
franklin soil and water conservation district,Tamara Vasquez
"gardengrocer, inc",Dennis Thompson
a&m paper and printing,Lisa Parker
diamond h trailer sales,Carol King
censa international college,Mary Parker
beverly hills best valet,George Cunningham
a perfect event,Erika Price
benchmark acoustics inc,Amanda Rodriguez
csci,Lori Johnson
entuvu interactive,Ryan Rodriguez
st. elizabeth street display corp.,Lori Franklin
lifeguard international,Robin Wilson
emerald coast mobile notary,James Moreno
wka industrial llc,Ryan Santos
wilson wilds marketing automation & consulting,Dominique Douglas
"certified auto import sales, inc.",Joshua Jones
ace mentor program stl,Ryan Ortiz
happy village organic,Walter Lopez
rogue jerseys,Edward Robertson
dow divorce law,James Salinas
turnburke & associates,Martha Ward
preakness hills country club,Caitlin Holt
t3 consortium,Karina Perry
"down to earth movement, llc",Sheila Elliott
chaucer freight llc,Ms. Kayla Taylor
"loving on me, inc.",Victor Cuevas
ignite your champions,Karen Hale
"configure, inc.",Jeffrey Mcgrath
books of brilliance,Rebecca Simpson
3rd generation builders,Lydia Mills
we are oculus,Brett Weeks
city of stanton,Rodney Jones
identity body piercing,Melissa Dillon
"home essentials sales and marketing | brenna goldberg, brian goldberg | ny manufacturers sales rep.",Jill Stephenson
all assignment support,Kathleen Mcmahon
"provectus, inc.",Jonathan Pitts
plantie,Kelly Flowers
tac crew llc,Debra Mendoza
gracie may photography ltd,Karen Hammond
blazar elite,Dennis Chavez
professional hotel solutions,Kelsey Jimenez
silsbee volunteer fire department,Thomas Lopez
artisan wealth strategies,Rebecca Graham
sls consultants,Taylor Wolf
"north water district laboratory services, inc.",Timothy Anderson
syscom global solutions inc.,Tanner Ortiz
"applied seals north america, inc",Thomas Colon
whole kid school,Mrs. Laura Lewis DDS
peckish board,Travis Davis
bisetti's italian ristorante,Christopher Henry
premier logistics inc.,Chelsea Foster
"lisa k. frost dds, llc",Jonathan Chung
"armstrong, roth, whitley, johnstone family law",Donna Cook
unforgotten studios,Heather Rogers
"best evidence, inc.",Felicia Durham
nebraska short term rental,Kathryn Griffin
i see you® candle,John Brown
"grosinger, spigelman & grey eye surgeons, p.c.",Amy Jones
"photon sf, inc.",Janice Munoz
flying a media,Sarah Allen
point office architecture & design,Heather Rodriguez
"maximum impact productions, inc.",Sara Johnson
"jerry's color center, inc.",Timothy Castro
legacy imports,Tyler Brown
"ascension worship, inc.",Jose Rodriguez
fremont ford,Bradley Barnes
ryeki ltd,Brian Brown
million dollar hoods project,Traci Norris
spyder graphics inc,Richard Beck
landplicity llc,Matthew Dunn
modsession.com,Robert York
msc technology consulting,Carolyn Schmitt
ray america inc.,John Oneill
reed precision manufacturing company,Tracy Fisher
capture one collective,Paul Brown
canthony scm,Alexander Garcia
"axon healthcare services, llc",Rhonda White
"marine tables, inc.",Victoria Lee
pugnacious,Matthew Mitchell
gibson law office,Larry Smith
"story international, inc.",Mark Reynolds
xeno media,Michael Smith
dashi rivers autism care,Kevin Martin
usmm of western ky,Lindsey Kane
kure products,Stephanie Saunders
"tkc homes, inc.",Raymond Thomas
environmental consulting and management inc. (ecm inc.),Tiffany Johnson
this 'n that films,Debra Parker DVM
amavo,Kelly Wood
jobplus solutions inc.,Kristen Cain
indiana ear,Holly Gibson
river city consulting,Julie Howard
reliable systems,Robert Figueroa
new covenant ministries international,Michael Harris
tpd | architecture,Cathy Garrett
"internetzone i, inc.",Christopher Phillips
dp legal solutions,John Thornton
k & f electronics,Tyler Smith
trailnuggets,Jeffrey Jackson
seedeater records,Tami Wong
terry tingey orthodontics,Cynthia Roth
heritage memorial funding,Sherry Bell
denver software engineering,David Morales
"trulie awesome productions, llc",Mary Robinson
oildom publishing company,Teresa Patterson
the learning center for exceptional children inc.,John Barnes
kinfolk family health,Roger Lee
lisa sherry interieurs,Melissa Wilson
essence group s.a.s,James Howell
peerson audio inc,Samantha Carter
ebl solutions llc,Lisa Patterson
hms schafer group,Matthew Velasquez
"blythe group, llc - serenity realty",Jaclyn Jenkins
staycharged,Michael Fletcher
national adjusters,Bradley Mendoza
craig boone & associates,Ashley Perez
mkr productions,Susan Nixon
institute for local church growth - ilcg,Erika Lewis
fulcrum,Tyler Thompson
"gallatin real estate, llc",James Gibson
oc wellness,Ann Clay
saveway cleaners,Diana Avila
seattle central college,Nicole Johnson
h2o creative group,Kurt Bryant
cph mechanical inc,Whitney Garcia
semiconductor industry association,Lisa Munoz
benefitcare.com,Patricia Allen
eurothreads,Beverly Chen
"skyway financial, llc",Antonio Flores
"recordsforce, inc.",Tanner Riley
lioness commercial capital,Jordan Bryant
"sweetbio, inc.",Jeremy Garza
perfect crab co,Thomas Parker
"rejuv at work, llc",Joshua Vaughn
san diego indiefest,Chloe Skinner
"rant, inc.",Benjamin Wagner
stl smartphones,John Greene
navigating through medicare,Beth Mack
evan360,Robert Palmer
lifestyles by joy,Amanda Edwards
t1d exchange,William King
jobrp,Ryan Thomas
leadership lynchburg,Brandon Young
cater to mom,Lori Hahn
"trademark management, llc",Elizabeth Brooks DVM
trynity financial services,Tyler Foley
acdc photography,David Bender
vinventions usa,Rachel Dunn
john paul ii catholic high school,Nicole Gardner
fullnet communications inc,Cynthia Joseph
security catalyst,Mark Riggs
legit provisions,Jessica Powell
the pachner company,John Mathews
the life insurance connection,Dr. David Edwards
benjamin construction,Kathy Harris
joe dufek insurance agency,Grant Perez
bridge to a brighter future,Daniel Hood
otb design,John Williams
nash & nelson design,Kyle Murphy
dwell properties,Paul Nolan
tactical security chicago,Luis Simpson
"upper deck sports academy, llc",James Fisher
weather or not dog walkers,Patrick Cooper
prince law group,Darryl Fleming
kck financial services llc,John Powers
"aoa west, inc",Stephanie Aguilar
the vura group llc,Bradley Moore
"tripforth, llc",Susan Faulkner
"kieve wavus education, inc.",Stephanie Contreras
usa water holdings,Lisa Mason
international art museum of america (iama),Barbara Turner
knack,Maria Briggs
"integral recovery, llc",Amy Reed
"avnik defense solutions, inc.",Kevin Hill
snapped in time photography,Joshua Miller
&wealth,Lisa King
tally app,Nathan James
"inland energy, inc",Debra Carlson
holley acquisitions,Mr. Kevin Miller
gicor inc,Melanie Baldwin
t&l industries,Janice Blevins
custom glass products,Monica Mason
limocart llc,Michelle Reynolds
60out escape rooms,Steven Rodriguez
"target home solutions, llc",Andrea Smith
grey area therapy,Gabrielle Johnson
hempel consulting,Kim Chapman
greentheory™,Austin Wilson
"fasi, inc",Jessica Cooke
g&g general contractors,Jennifer Brown
"ati ladish machining, inc.",Lori Gonzalez
settlers bank marietta ohio,Michael Lewis
christ our king-stella maris school,Robert Brown Jr.
"abydos productions, llc",Alexander Cardenas
swiftscience,Megan Kennedy
quality care associates urgent care & wellness center,Jonathan Clark
"agile business technologies, inc",Jamie Grant
atlantis partners - technology architects,Jacob Bates
place properties,Mrs. Alexis Williams
the naval academy athletic association,Thomas Melton
"vaisman consulting, llc.",John Webb
patagonia provisions,Miguel Green
thanxngo,Tammy Dixon
"pixelab studios, llc",Mitchell Anderson
"randall j. trost, pc",Kathleen Leblanc
ingersoll cm systems llc,Amanda Garza
keva dine®,Miss Sara Stewart MD
sigma leadership,Katrina Wells
city of wood dale,Lauren Craig
creditfix.com,Stephanie Porter
talos pest control,Jason Smith
elegant living media,Rhonda Price
momentum search partners,Douglas Hill
"scm accelerators, llc",Maria Anderson
pitts oilfield products and services,Amber Lam
advance web marketing,Casey Reynolds
truvillion realty group,Douglas Hurst Jr.
restorative collective llc,Jerome Moreno
the development tracker,Michael Rice
jk closing attorneys,Brooke Greene
new york football giants,John Martin
"velvet touch, inc.",Joseph Lee
rommel's ace,Stuart Garcia
resolute independent advisors,Robert Ballard
"solos- concierge nursing, inc.",Julie Lee MD
"allem business ventures, llc",Ashley Dodson
tthinks,James Brown
mlee therapy,Daniel Phillips
crossroads child development center,Gene Brooks
st. francis medical center,Kristine Calhoun
"latino community services, inc.",Derrick Whitaker
united real estate puget sound west,Steven Cunningham
"neal pest control, inc.",Stephen Zimmerman
family 1st building & remodeling,Allison Long
harland clarke digital,Elizabeth Johnson
unity ppe,Evelyn Duran
perusen inc,Cynthia Collins
carsker auto auctions,Stanley Moore
bioinformatics research network,Carl Morse
legal injury network,Anna Barnes
"aaa construction school, inc.",Jennifer Montoya
mypay circle,Darryl Miller
nevtec,Dr. Theresa Brown
handzy shop + studio,Marvin Erickson
hengye inc.,Jaime Young
capital tech solutions,Lisa Pope
johnography studios,Alexander Green
ys connection,Jerry Gutierrez
msu student association,Manuel Williams
allison aquatics group,John Stewart
chicago blower corporation,Robert Perez
herculean strategies group,Brian Lewis
riverside avondale preservation,Raven Rojas
14-7 admin,Alex Kaufman
rgv rentals,Joanna Wright
milesoft,Zachary Knight
wholistic growth for generations,Sandra Lawson
"paumen computer services, llc.",Bobby Anderson
aqua general inc,Matthew Johnson
reforming foundations pilates & wellness,Jack Montoya
ware2go,Andrea Lewis
"conley and associates, inc.",Andrew Lopez
laurel crest landscapes,Leslie Powers
biodiversity unlimited research and consulting group,Lauren Brown
center for health policy and inequalities research at duke university,Lori Cobb
fortune global solutions llc,Mandy Gonzalez MD
